Type,Question,Answer
"History","When was the United States founded?","1776"
"History","Who was the first President of the United States?","George Washington"
"History","When was the Magna Carta signed?","1215"
"History","Who discovered America?","Christopher Columbus"
"History","When did the American Civil War start?","1861"
"History","Who was responsible for the Great Fire of London?","Unknown"
"History","Who invented the telephone?","Alexander Graham Bell"
"History","When was the French Revolution?","1789-1799"
"History","Who discovered gravity?","Isaac Newton"
"History","Who wrote the Declaration of Independence?","Thomas Jefferson"
"History","When was the Great Wall of China built?","Between 7th century BC and 16th century AD"
"History","Who was the longest-reigning British monarch?","Queen Elizabeth II"
"History","When did World War II end?","1945"
"History","Who was the first man to walk on the moon?","Neil Armstrong"
"History","When did the Titanic sink?","1912"
"History","Who assassinated President Lincoln?","John Wilkes Booth"
"History","When was the first atomic bomb dropped?","1945"
"History","Who discovered penicillin?","Alexander Fleming"
"History","When was the United Nations formed?","1945"
"History","Who was the first woman to fly solo across the Atlantic?","Amelia Earhart"
"History","When was the Berlin Wall built?","1961"
"History","Who abolished slavery in the United States?","Abraham Lincoln"
"History","When was Internet invented?","The concept came about in the 1960s, and the World Wide Web was invented in 1989"
"History","Who won the Battle of Waterloo?","The Duke of Wellington"
"History","When did India gain independence?","1947"
"History","Who was the first emperor of China?","Qin Shi Huang"
"History","When was the European Union Formed?","1993"
"History","Who was the first African American to serve as U.S president?","Barack Obama"
"History","When did apartheid end in South Africa?","1994"
"History","Who designed the Eiffel Tower?","Gustave Eiffel"
"History","When was the Renaissance?","The 14th to the 17th century"
"History","Who was the first woman Prime Minister of the United Kingdom?","Margaret Thatcher"
"History","When was the first moon landing?","1969"
"History","Who painted the Sistine Chapel?","Michelangelo"
"History","When was the American Declaration of Independence signed?","1776"
"History","Who led the civil rights movement in the United States?","Martin Luther King Jr."
"History","When did the Great Depression start?","1929"
"History","Who built the Pyramids of Giza?","Pharaohs of Egypt during the Old Kingdom"
"History","When was the Russian Revolution?","1917"
"History","Who discovered the structure of DNA?","James Watson and Francis Crick"
"History","When was the United States Constitution written?","1787"
"History","Who was the last Tsar of Russia?","Nicholas II"
"History","When was the Panama Canal opened?","1914"
"History","Who was the first person in space?","Yuri Gagarin"
"History","When did the Cold War end?","1991"
"History","Who invented the light bulb?","Thomas Edison"
"History","When did Canada gain independence?","1867"
"History","Who wrote the plays Othello, Hamlet, and Romeo and Juliet?","William Shakespeare"
"History","When did the Roman Empire start?","27 BC"
"History","Who wrote the U.S. national anthem?","Francis Scott Key"
"History","When was the first manned flight?","1903"
"History","Who was known as the Maid of Orleans?","Joan of Arc"
"History","When did the Spanish Inquisition begin?","1478"
"History","Who commissioned the Lewis and Clark expedition?","Thomas Jefferson"
"History","When was the Battle of Gettysburg?","1863"
"History","Who won the Spanish-American War?","The United States"
"History","When did the Ottoman Empire fall?","1922"
"History","Who was the first Chancellor of West Germany?","Konrad Adenauer"
"History","When did the Renaissance in Italy begin?","14th Century"
"History","Who discovered the law of the photoelectric effect?","Albert Einstein"
"History","When did China's Cultural Revolution begin?","1966"
"History","Who succeeded Queen Victoria?","King Edward VII"
"History","When was Martin Luther King, Jr.'s ""I Have a Dream"" speech?","1963"
"History","Who discovered radium?","Marie Curie and Pierre Curie"
"History","When did the construction of Machu Picchu likely complete?","1450"
"History","Who wrote The Communist Manifesto?","Karl Marx and Friedrich Engels"
"History","When did the Boston Tea Party happen?","1773"
"History","Who became president of the United States after Franklin D. Roosevelt?","Harry S. Truman"
"History","When did the Korean War begin?","1950"
"History","Who is known as the ""Father of India""?","Mahatma Gandhi"
"History","When did Alaska become a state?","1959"
"History","Who discovered calculus?","Isaac Newton and Gottfried Wilhelm Leibniz"
"History","When was the Industrial Revolution?","Mid-18th to mid-19th Century"
"History","Who was the first Roman Emperor?","Augustus"
"History","When did Napoleon Bonaparte die?","1821"
"History","Who founded Buddhism?","Siddhartha Gautama, the Buddha"
"History","When did the Vietnam War end?","1975"
"History","Who wrote War and Peace?","Leo Tolstoy"
"History","When was the Magna Carta sealed?","1215"
"History","Who was the last monarch of the Tudor dynasty?","Queen Elizabeth I"
"History","When did the Chernobyl disaster happen?","1986"
"History","Who wrote the Iliad and the Odyssey?","Homer"
"History","When did the British Empire abolish the slave trade?","1807"
"History","Who discovered the polio vaccine?","Jonas Salk"
"History","When was the French and Indian War?","1754 - 1763"
"History","Who was the first European to sail around the Cape of Good Hope?","Bartolomeu Dias"
"History","When did the Battle of Hastings occur?","1066"
"History","Who was Pharaoh during the Exodus in the Bible?","The Bible does not name him, but it is often believed to be Ramses II."
"History","When was the era of prohibition in the United States?","1920 - 1933"
"History","Who was the first female Prime Minister of Israel?","Golda Meir"
"History","When was the original Star Wars film released?","1977"
"History","Who completed the first circumnavigation of the Earth?","Juan Sebastián Elcano (he took over after Ferdinand Magellan's death)"
"History","When was the Suez Canal completed?","1869"
"History","Who developed the theory of relativity?","Albert Einstein"
"History","When did the California Gold Rush begin?","1848"
"History","Who led the Argonauts in Greek mythology?","Jason"
"History","When was the Great Plague of London?","1665-1666"
"History","Who wrote the US Pledge of Allegiance?","Francis Bellamy"
"History","When did the ancient Egyptian civilization begin?","Around 3150 B.C."
"History","Who designed the Statue of Liberty?","Frédéric Auguste Bartholdi"
"History","When was the Battle of Thermopylae?","480 BC"
"History","Who was the first Prime Minister of Australia?","Sir Edmund Barton"
"History","When did the Mount St. Helens eruption occur?","1980"
"History","Who wrote the Theory of Evolution?","Charles Darwin"
"History","When was the Bay of Pigs invasion?","1961"
"History","Who was the first king of Israel?","Saul"
"History","When did the Manhattan Project start?","1939"
"History","Who was the first president of the Russian Federation?","Boris Yeltsin"
"History","When was Facebook launched?","2004"
"History","Who discovered Australia?","Captain James Cook"
"History","When was the Silk Road established?","Around 120 BC"
"History","Who was the first Pharaoh of Egypt?","Narmer"
"History","When was the Norman Conquest of England?","1066"
"History","Who was the longest-reigning monarch in history?","Louis XIV of France"
"History","When did Ghana gain independence?","1957"
"History","Who was the Prime Minister of Britain during the signing of the Treaty of Versailles?","David Lloyd George"
"History","When did the Inca Empire fall to the Spanish conquistadors?","1533"
"History","Who was known as the Iron Chancellor?","Otto von Bismarck"
"History","Who is the longest reigning monarch in history?","Louis XIV of France, reigned for 72 years"
"History","Who was the President of the United States during World War I?","Woodrow Wilson"
"History","When did the American Revolution end?","1783"
"History","Who was the leader of the Soviet Union during World War II?","Joseph Stalin"
"History","Who was the queen of England during the Spanish Armada?","Queen Elizabeth I"
"History","When did New Zealand gain independence?","1907"
"History","Who invented the World Wide Web?","Tim Berners-Lee"
"History","Which civil rights activist refused to give up her bus seat in Montgomery in 1955?","Rosa Parks"
"History","When was the pacemaker invented?","1950"
"History","Who assassinated Archduke Franz Ferdinand?","Gavrilo Princip"
"History","When did the Spanish Civil War end?","1939"
"History","Who wrote the American Bill of Rights?","James Madison"
"History","When did the United Nations charter come into effect?","1945"
"History","Who was the king of England during the American Revolution?","King George III"
"History","When was the Islamic Golden Age?","8th to 14th century"
"History","Who was the first female justice on the U.S. Supreme Court?","Sandra Day O'Connor"
"History","When was slavery abolished in the U.S.?","1865"
"History","Who was the first explorer to reach the South Pole?","Roald Amundsen"
"History","When did the Cuban Missile Crisis occur?","1962"
"History","Who was the first democratically elected President of Russia?","Boris Yeltsin"
"History","When did India and Pakistan gain independence from Britain?","1947"
"History","Who was the first American astronaut to orbit the Earth?","John Glenn"
"History","When was the atom first split?","1938"
"History","Who discovered penicillin?","Alexander Fleming"
"History","When did China become the People's Republic of China?","1949"
"History","Who was the Roman Emperor at the time of Christ's birth?","Augustus Caesar"
"History","When did the Berlin Wall fall?","1989"
"History","Who had the last successful invasion of England?","William the Conqueror"
"History","When did Canada become a nation?","1867"
"History","Who won the Space Race?","The USSR, by launching the first man into space"
"History","When was the Magna Carta signed?","1215"
"History","Who was the first President of Indonesia?","Sukarno"
"History","When did the Hundred Years War end?","1453"
"History","Who were the Axis Powers in WWII?","Germany, Italy, and Japan"
"History","When were the Hawaiian islands discovered by Europeans?","January 18, 1778, by James Cook"
"History","Who was president during the Louisiana Purchase?","Thomas Jefferson"
"History","When was the Battle of Gettysburg?","July 1-3, 1863"
"History","Who was the British Prime Minister at the start of World War II?","Neville Chamberlain"
"History","When did South Africa gain its independence?","May 31, 1910"
"History","Who was Martin Luther King Jr.?","An American civil rights leader"
"History","When was the Declaration of Independence signed?","July 4, 1776"
"History","Who led the Continental Army in the American Revolution?","George Washington"
"History","When was the League of Nations founded?","1920"
"History","Who was the first African American Major League Baseball player?","Jackie Robinson"
"History","When did World War II end?","1945"
"History","Who was the emperor of Japan during World War II?","Emperor Hirohito"
"History","When did Vladimir Lenin die?","1924"
"History","Who physical discovered the North Pole?","Robert Peary"
"History","When was the French revolution?","1789-1799"
"History","Who was the Roman Emperor during the Great Fire of Rome?","Nero"
"History","When were the pyramids at Giza built?","Around 2580-2560 BC"
"History","Who is the Prima ballerina of ballerina of the Bolshoi Ballet in 1960?","Maya Plisetskaya"
"History","When did Prohibition Begin and End?","Begun in 1920 and ended in 1933"
"History","Who led the Russian revolution?","Vladimir Lenin"
"History","When did the Vietnam War end?","1975"
"History","Who was the head of the Catholic Church during the Second Vatican Council?","Pope John XXIII"
"History","When was the Suez canal completed?","1869"
"History","Who was the longest reigning Pope?","Pope Saint Peter"
"History","When did Finland gain its independence?","1917"
"History","Who was the first President of Egypt?","Muhammad Naguib"
"History","When did the first European settlers arrive in Australia?","1788"
"History","Who discovered Machu Picchu?","Hiram Bingham III"
"History","When did the atomic bombing of Hiroshima occur?","1945"
"History","Who painted the Mona Lisa?","Leonardo da Vinci"
"History","When did the major volcanic eruption on Krakatoa occur?","1883"
"History","Who was the leader of the Nazi Party?","Adolf Hitler"
"History","When was Apollo 11 launched?","1969"
"History","Who was the first European to reach the Americas?","Leif Erikson, though Christopher Columbus is often credited"
"History","When was the Constitution of the United States ratified?","1788"
"History","Who was the founder of the Mongol Empire?","Genghis Khan"
"History","When did the Roman Empire fall?","476 AD"
"History","Who was the President of the Confederate States during the American Civil War?","Jefferson Davis"
"History","When was the Louvre Museum established?","1793"
"Geography","What is the capital of Australia?","Canberra"
"Geography","What country has the largest land area?","Russia"
"Geography","What river runs through Egypt?","The Nile"
"Geography","What is the highest peak in North America?","Denali"
"Geography","What is the most densely populated city in the world?","Manila"
"Geography","Which ocean is off the California coast?","The Pacific Ocean"
"Geography","Which country is the smallest in the world?","Vatican City"
"Geography","What is the capital of Canada?","Ottawa"
"Geography","What is the largest desert in the world?","The Sahara Desert"
"Geography","What is the longest river in the world?","The Nile"
"Geography","What country has the most lakes?","Canada"
"Geography","What is the highest mountain in Africa?","Mount Kilimanjaro"
"Geography","What is the capital of Spain?","Madrid"
"Geography","Which country is both an island and a continent?","Australia"
"Geography","What is the capital of Germany?","Berlin"
"Geography","What is the largest country in Africa by land area?","Algeria"
"Geography","What is the capital of Japan?","Tokyo"
"Geography","What is the second longest river in the world?","The Amazon River"
"Geography","What is the capital of India?","New Delhi"
"Geography","What is the largest lake in Africa?","Lake Victoria"
"Geography","What is the capital of Brazil?","Brasília"
"Geography","What is the deepest lake in the world?","Lake Baikal"
"Geography","What is the capital of China?","Beijing"
"Geography","Which sea is the saltiest?","The Red Sea"
"Geography","What is the capital of Italy?","Rome"
"Geography","What river runs through London?","The River Thames"
"Geography","What is the capital of France?","Paris"
"Geography","What is the largest island in the Caribbean?","Cuba"
"Geography","What is the capital of Russia?","Moscow"
"Geography","What is the lowest point on Earth?","The Challenger Deep in the Mariana Trench"
"Geography","What is the capital of the United States?","Washington, D.C."
"Geography","What is the longest river in the United States?","The Missouri River"
"Geography","What is the capital of Greece?","Athens"
"Geography","What is the largest lake in the world?","The Caspian Sea"
"Geography","What is the capital of Sweden?","Stockholm"
"Geography","What lake is shared by Uganda, Kenya, and Tanzania?","Lake Victoria"
"Geography","What is the capital of Egypt?","Cairo"
"Geography","What is the world's most active volcano?","Kilauea"
"Geography","What is the capital of Mexico?","Mexico City"
"Geography","Which country has the longest coastline?","Canada"
"Geography","What is the capital of Portugal?","Lisbon"
"Geography","Which country has the most natural resources?","Russia"
"Geography","What is the capital of Finland?","Helsinki"
"Geography","Where is Mount Everest located?","Nepal"
"Geography","What is the capital of Ireland?","Dublin"
"Geography","What is the largest peninsula in the world?","The Arabian Peninsula"
"Geography","What is the capital of Saudi Arabia?","Riyadh"
"Geography","What is the driest place on earth?","Atacama Desert"
"Geography","What is the capital of Iran?","Tehran"
"Geography","What is the most populous country in the world?","China"
"Geography","What is the capital of Israel?","Jerusalem"
"Geography","Which US state is the largest by land area?","Alaska"
"Geography","What is the capital of Turkey?","Ankara"
"Geography","What is the world's largest coral reef system?","Great Barrier Reef"
"Geography","What is the capital of Argentina?","Buenos Aires"
"Geography","What is the shallowest ocean in the world?","The Arctic Ocean"
"Geography","What is the capital of Greenland?","Nuuk"
"Geography","What is the largest bay in the world?","The Bay of Bengal"
"Geography","What is the capital of South Africa?","Pretoria, Bloemfontein, and Cape Town"
"Geography","What is the coldest place on earth?","Antarctica. Specifically, a high ridge in Antarctica."
"Geography","What is the capital of Nigeria?","Abuja"
"Geography","What is the largest delta in the world?","The Ganges Delta"
"Geography","What is the capital of South Korea?","Seoul"
"Geography","What is the longest mountain range in the world?","The Andes"
"Geography","What is the capital of North Korea?","Pyongyang"
"Geography","What is the biggest island in the world?","Greenland"
"Geography","What is the capital of Iceland?","Reykjavik"
"Geography","Which is the largest ocean on Earth?","The Pacific Ocean"
"Geography","What is the capital of Malaysia?","Kuala Lumpur"
"Geography","What US state has the longest coastline?","Alaska"
"Geography","What is the capital of Singapore?","Singapore"
"Geography","What country has the most islands?","Sweden"
"Geography","What is the capital of Dominican Republic?","Santo Domingo"
"Geography","Where are the world's highest waterfalls?","Angel Falls, Venezuela"
"Geography","What is the capital of Kenya?","Nairobi"
"Geography","What is the largest volcano on Earth?","Mauna Loa, Hawaii"
"Geography","What is the capital of Thailand?","Bangkok"
"Geography","What country is named 'the roof of the world'?","Tibet"
"Geography","What is the capital of Indonesia?","Jakarta"
"Geography","What is the longest wall in the world?","Great Wall of China"
"Geography","What is the capital of Morocco?","Rabat"
"Geography","What is the lowest country in the world?","Maldives"
"Geography","What is the capital of Peru?","Lima"
"Geography","What country is Machu Picchu located in?","Peru"
"Geography","What is the capital of Australia?","Canberra"
"Geography","What is the largest cave in the world?","Son Doong Cave, Vietnam"
"Geography","What is the capital of Chile?","Santiago"
"Geography","What is the widest river in the world?","Amazon River"
"Geography","What is the capital of Denmark?","Copenhagen"
"Geography","What country has the most pyramids?","Sudan"
"Geography","What is the capital of Cuba?","Havana"
"Geography","What is the largest plateau in the world?","Tibetan Plateau"
"Geography","What is the capital of Pakistan?","Islamabad"
"Geography","What country has the most time zones?","France"
"Geography","What is the capital of New Zealand?","Wellington"
"Geography","What country has the longest river?","Egypt, with the Nile River"
"Geography","What is the capital of Austria?","Vienna"
"Geography","What is the longest reef on Earth?","Great Barrier Reef, Australia"
"Geography","What is the capital of Norway?","Oslo"
"Geography","What is the smallest ocean in the world?","Arctic Ocean"
"Geography","What is the capital of Switzerland?","Bern"
"Geography","Where is Mount Kilimanjaro located?","Tanzania"
"Geography","What is the capital of Netherlands?","Amsterdam"
"Geography","What is the largest lake in South America?","Lake Titicaca"
"Geography","What is the capital of Philippines?","Manila"
"Geography","What is the largest gulf in the world?","The Gulf of Mexico"
"Geography","What is the capital of Belgium?","Brussels"
"Geography","What continent has the most countries?","Africa"
"Geography","What is the capital of Algeria?","Algiers"
"Geography","What is the longest river in Europe?","Volga River"
"Geography","What is the capital of Vietnam?","Hanoi"
"Geography","What is the highest waterfall in the world?","Angel Falls, Venezuela"
"Geography","What is the capital of Argentina?","Buenos Aires"
"Geography","What country has the most volcanoes?","Indonesia"
"Geography","What is the capital of Colombia?","Bogota"
"Geography","What is the largest forest in the world?","The Amazon Rainforest"
"Geography","What is the capital of Iraq?","Baghdad"
"Geography","In which country can you find the K2 mountain?","Pakistan"
"Geography","What is the capital of Afghanistan?","Kabul"
"Geography","What country has the most UNESCO World Heritage sites?","Italy"
"Geography","What is the capital of Sweden?","Stockholm"
"Geography","What is the smallest country in Asia by land area?","Maldives"
"Geography","What is the capital of Finland?","Helsinki"
"Geography","What is the hottest place on Earth?","Lut Desert, Iran"
"Geography","What is the capital of Ukraine?","Kyiv"
"Geography","Where is the Atacama Desert located?","Chile"
"Geography","What is the capital of Taiwan?","Taipei"
"Geography","What is the largest country in the Western Hemisphere by land area?","Canada"
"Geography","What is the capital of South Sudan?","Juba"
"Geography","What is the second largest country in the world?","Canada"
"Geography","What is the capital of Zambia?","Lusaka"
"Geography","What is the longest continental mountain range in the world?","Andes"
"Geography","What is the capital of Ethiopia?","Addis Ababa"
"Geography","Where is the world's largest salt flat?","Salar de Uyuni, Bolivia"
"Geography","What is the capital of Greece?","Athens"
"Geography","What is the largest country in the Middle East?","Saudi Arabia"
"Geography","What is the capital of North Macedonia?","Skopje"
"Geography","Who is the largest producer of coffee in the world?","Brazil"
"Geography","What is the capital of Poland?","Warsaw"
"Geography","What is the largest non-polar desert in the world?","Sahara"
"Geography","What is the capital of Hungary?","Budapest"
"Geography","What is the highest lake in the world?","Lake Titicaca"
"Geography","What is the capital of Nepal?","Kathmandu"
"Geography","In which country would you find the Angel Falls?","Venezuela"
"Geography","What is the capital of Lebanon?","Beirut"
"Geography","What is the longest country in the world?","Chile"
"Geography","What is the capital of Slovenia?","Ljubljana"
"Geography","What country has the biggest population in Europe?","Russia"
"Geography","What is the capital of Latvia?","Riga"
"Geography","What country has the most natural gas reserves?","Russia"
"Geography","What is the capital of Syria?","Damascus"
"Geography","What is the biggest port in the world?","Port of Shanghai, China"
"Geography","What is the capital of Tibet?","Lhasa"
"Geography","What is the largest coral atoll in the world?","Kwajalein, Marshall Islands"
"Geography","What is the capital of Bhutan?","Thimphu"
"Geography","What is the largest river basin in the world?","Amazon Basin"
"Geography","What is the capital of Serbia?","Belgrade"
"Geography","What is the highest navigable lake in the world?","Lake Titicaca"
"Geography","What is the capital of Armenia?","Yerevan"
"Geography","What is the deepest point in the ocean?","Challenger deep in the Mariana Trench"
"Geography","What is the capital of Uruguay?","Montevideo"
"Geography","What is the world's largest inland sea?","Caspian Sea"
"Geography","What is the capital of Jordan?","Amman"
"Geography","On which continent is the world's longest river, the Nile?","Africa"
"Geography","What is the capital of Paraguay?","Asunción"
"Geography","In which country is the world's highest volcano, Ojos del Salado?","Chile-Argentina border"
"Literature","Who wrote 'To Kill a Mockingbird'?","Harper Lee"
"Literature","What is the famous novel of F. Scott Fitzgerald?","The Great Gatsby"
"Literature","Who is the author of '1984'?","George Orwell"
"Literature","'Moby Dick' is a novel by which author?","Herman Melville"
"Literature","Who wrote 'Pride and Prejudice'?","Jane Austen"
"Literature","What is Shakespeare's earliest tragedy?","Titus Andronicus"
"Literature","What epic poem was written by Dante?","The Divine Comedy"
"Literature","Who wrote 'The Odyssey'?","Homer"
"Literature","In what novel do you find the character Harry Potter?","Harry Potter series by J.K. Rowling"
"Literature","Who is the author of 'A Tale Of Two Cities'?","Charles Dickens"
"Literature","Who wrote the play 'Waiting for Godot'?","Samuel Beckett"
"Literature","'Les Miserables' is a work by which author?","Victor Hugo"
"Literature","What is the famous novel of Leo Tolstoy?","War and Peace"
"Literature","Who wrote 'Crime and Punishment'?","Fyodor Dostoevsky"
"Literature","Who is the author of 'The Iliad'?","Homer"
"Literature","What are the four novels of 'The Rabbit Series' by John Updike?","Rabbit, Run; Rabbit Redux; Rabbit is Rich; Rabbit at Rest"
"Literature","Who wrote 'The Catcher in the Rye'?","J.D. Salinger"
"Literature","Who is the author of 'Of Mice and Men'?","John Steinbeck"
"Literature","What is Ernest Hemingway's novel about the Spanish Civil War?","For Whom the Bell Tolls"
"Literature","Who wrote 'Sense and Sensibility'?","Jane Austen"
"Literature","What book series did C.S. Lewis write?","The Chronicles of Narnia"
"Literature","Who wrote 'The Grapes of Wrath'?","John Steinbeck"
"Literature","Who is the author of 'War and Peace'?","Leo Tolstoy"
"Literature","Who wrote 'The Great Expectations'?","Charles Dickens"
"Literature","Who is the author of 'Dracula'?","Bram Stoker"
"Literature","Who wrote 'David Copperfield'?","Charles Dickens"
"Literature","Who is the author of 'The Little Prince'?","Antoine de Saint-Exupéry"
"Literature","Who wrote 'The Hobbit'?","J.R.R. Tolkien"
"Literature","Who is the author of 'Mansfield Park'?","Jane Austen"
"Literature","Who wrote 'The Adventures of Tom Sawyer'?","Mark Twain"
"Literature","Who is the author of 'Oliver Twist'?","Charles Dickens"
"Literature","Who wrote 'Around the World in Eighty Days'?","Jules Verne"
"Literature","Who is the author of 'Hamlet'?","William Shakespeare"
"Literature","Who wrote 'The Secret Garden'?","Frances Hodgson Burnett"
"Literature","Who is the author of 'Don Quixote'?","Miguel de Cervantes Saavedra"
"Literature","Who wrote 'Frankenstein'?","Mary Shelley"
"Literature","Who is the author of 'The Color Purple'?","Alice Walker"
"Literature","What epic poem was written by John Milton?","Paradise Lost"
"Literature","Who is the author of 'Pilgrim's Progress'?","John Bunyan"
"Literature","Who wrote 'Catch-22'?","Joseph Heller"
"Literature","Who is the author of 'Emma'?","Jane Austen"
"Literature","Who wrote 'Lolita'?","Vladimir Nabokov"
"Literature","Who is the author of 'The Tempest'?","William Shakespeare"
"Literature","Who wrote 'Heart of Darkness'?","Joseph Conrad"
"Literature","Who is the author of 'The Scarlet Letter'?","Nathaniel Hawthorne"
"Literature","Who wrote 'Ulysses'?","James Joyce"
"Literature","Who is the author of 'Middlemarch'?","George Eliot"
"Literature","Who wrote 'The Metamorphosis'?","Franz Kafka"
"Literature","Who is the author of 'Anne of Green Gables'?","L. M. Montgomery"
"Literature","Who wrote 'The Jungle Book'?","Rudyard Kipling"
"Literature","What is Mark Twain's real name?","Samuel Clemens"
"Literature","Who wrote 'Wuthering Heights'?","Emily Brontë"
"Literature","Who wrote 'Madame Bovary'?","Gustave Flaubert"
"Literature","Who is the author of 'Persuasion'?","Jane Austen"
"Literature","Who wrote 'Slaughterhouse-Five'?","Kurt Vonnegut"
"Literature","Who wrote 'A Farewell to Arms'?","Ernest Hemingway"
"Literature","What novel starts with the line 'It was a bright cold day in April, and the clocks were striking thirteen.'?","1984 by George Orwell"
"Literature","Who wrote 'Treasure Island'?","Robert Louis Stevenson"
"Literature","Who is the author of 'Moby-Dick'?","Herman Melville"
"Literature","What epic poem was written by Homer?","The Odyssey"
"Literature","Who wrote 'A Streetcar Named Desire'?","Tennessee Williams"
"Literature","Who wrote 'The Old Man and the Sea'?","Ernest Hemingway"
"Literature","Who is the author of 'A Clockwork Orange'?","Anthony Burgess"
"Literature","Who wrote 'Brave New World'?","Aldous Huxley"
"Literature","In which Ray Bradbury novel does the protagonist work as a 'fireman'?","Fahrenheit 451"
"Literature","Who wrote 'One Hundred Years of Solitude'?","Gabriel Garcia Marquez"
"Literature","What is the real name of George Eliot?","Mary Ann Evans"
"Literature","Who wrote 'To The Lighthouse'?","Virginia Woolf"
"Literature","Who is the author of 'The Age of Innocence'?","Edith Wharton"
"Literature","Who wrote 'The Stranger'?","Albert Camus"
"Literature","Who wrote 'Moby-Dick'?","Herman Melville"
"Literature","Who is the author of 'The Great Gatsby'?","F. Scott Fitzgerald"
"Literature","Who created the character of James Bond?","Ian Fleming"
"Literature","Who wrote 'Bleak House'?","Charles Dickens"
"Literature","Who is the author of 'The Wonderful Wizard of Oz'?","L. Frank Baum"
"Literature","Who wrote 'Gone with the Wind'?","Margaret Mitchell"
"Literature","Who wrote 'Lady Chatterley's Lover'?","D.H. Lawrence"
"Literature","Who wrote 'Gulliver's Travels'?","Jonathan Swift"
"Literature","Who wrote 'Things Fall Apart'?","Chinua Achebe"
"Literature","Who is the author of 'The Grapes of Wrath'?", "John Steinbeck"
"Literature","Who wrote 'Tom Jones'?","Henry Fielding"
"Literature","Who wrote 'The Portrait of a Lady'?","Henry James"
"Literature","Who is the author of 'The Plague'?","Albert Camus"
"Literature","Who wrote 'Remembrance of Things Past'?","Marcel Proust"
"Literature","Who wrote 'Under the Volcano'?","Malcolm Lowry"
"Literature","Who is the author of 'The Three Musketeers'?","Alexandre Dumas"
"Literature","Who wrote 'The Call of the Wild'?","Jack London"
"Literature","Who is the author of 'The Brothers Karamazov'?","Fyodor Dostoevsky"
"Literature","Who wrote 'The Sun Also Rises'?","Ernest Hemingway"
"Literature","Who is the author of 'Tess of the d'Urbervilles'?","Thomas Hardy"
"Literature","Who wrote 'The Trial'?","Franz Kafka"
"Literature","Who wrote 'The Picture of Dorian Gray'?","Oscar Wilde"
"Literature","What did Ernest Hemingway novel won the Pulitzer Prize in 1953?","The Old Man and the Sea"
"Literature","Who wrote 'Absalom, Absalom!'?","William Faulkner"
"Literature","Who wrote 'Pilgrim at Tinker Creek'?","Annie Dillard"
"Literature","Who is the author of 'Maus'?","Art Spiegelman"
"Literature","Who wrote 'The Screwtape Letters'?","C.S. Lewis"
"Literature","In which Arthur Conan Doyle novel does Sherlock Holmes first appear?","A Study in Scarlet"
"Literature","Who wrote 'The Chronicles of Narnia'?","C.S. Lewis"
"Literature","Who is the author of 'The Hunger Games'?","Suzanne Collins"
"Literature","Who wrote 'Beloved'?","Toni Morrison"
"Literature","Who is the author of 'The Da Vinci Code'?","Dan Brown"
"Literature","Who wrote 'Midnight's Children'?","Salman Rushdie"
"Literature","Who wrote 'Anna Karenina'?","Leo Tolstoy"
"Literature","Who is the author of 'The Wind in the Willows'?","Kenneth Grahame"
"Literature","Who wrote 'Dune'?","Frank Herbert"
"Literature","Who is the author of 'The Lord of the Rings'?","J.R.R. Tolkien"
"Literature","Who wrote 'Paradise Lost'?","John Milton"
"Literature","Who wrote 'Vanity Fair'?","William Makepeace Thackeray"
"Literature","Who is the author of 'The Girl with the Dragon Tattoo'?","Stieg Larsson"
"Literature","Who wrote 'The Alchemist'?","Paulo Coelho"
"Literature","Who wrote 'The Prince'?","Niccolò Machiavelli"
"Literature","Who is the author of 'Jurassic Park'?","Michael Crichton"
"Literature","Who wrote 'The Stand'?","Stephen King"
"Literature","Who is the author of 'To the Lighthouse'?","Virginia Woolf"
"Literature","Who wrote 'The Secret Life of Bees'?","Sue Monk Kidd"
"Literature","Who is the author of 'I, Robot'?","Isaac Asimov"
"Literature","Who wrote 'The Idiot'?","Fyodor Dostoevsky"
"Literature","Who is the author of 'The Phantom of the Opera'?","Gaston Leroux"
"Literature","Who wrote 'The Sound and the Fury'?","William Faulkner"
"Literature","Who is the author of 'The Fault in Our Stars'?","John Green"
"Literature","Who wrote 'Charlie and the Chocolate Factory'?","Roald Dahl"
"Literature","Who is the author of 'The Maltese Falcon'?","Dashiell Hammett"
"Literature","Who wrote 'The Adventures of Huckleberry Finn'?","Mark Twain"
"Literature","Who is the author of 'Catch-22'?","Joseph Heller"
"Literature","Who wrote 'The Jungle'?","Upton Sinclair"
"Literature","Who is the author of 'Twenty Thousand Leagues Under the Sea'?","Jules Verne"
"Literature","Who wrote 'Fahrenheit 451'?","Ray Bradbury"
"Literature","Who is the author of 'The Giver'?","Lois Lowry"
"Literature","Who wrote 'Animal Farm'?","George Orwell"
"Literature","Who is the author of 'The Invisible Man'?","H.G. Wells"
"Literature","Who wrote 'Ender's Game'?","Orson Scott Card"
"Literature","Who is the author of 'The Bell Jar'?","Sylvia Plath"
"Literature","Who wrote 'The Scarlet Pimpernel'?","Baroness Orczy"
"Literature","Who is the author of 'The Hitchhiker's Guide to the Galaxy'?","Douglas Adams"
"Literature","Who wrote 'The Importance of Being Earnest'?","Oscar Wilde"
"Literature","Who is the author of 'Nineteen Eighty-Four'?","George Orwell"
"Literature","Who wrote 'Little Women'?","Louisa May Alcott"
"Literature","Who is the author of 'The Color Purple'?","Alice Walker"
"Literature","Who wrote 'The Art of War'?","Sun Tzu"
"Literature","Who is the author of 'Robinson Crusoe'?","Daniel Defoe"
"Literature","Who wrote 'The Count of Monte Cristo'?","Alexandre Dumas"
"Literature","Who is the author of 'Mansfield Park'?","Jane Austen"
"Literature","Who wrote 'The Hound of the Baskervilles'?","Arthur Conan Doyle"
"Literature","Who is the author of 'The Catcher in the Rye'?","J.D. Salinger"
"Literature","Who wrote 'Birdsong'?","Sebastian Faulks"
"Literature","Who is the author of 'Romeo and Juliet'?","William Shakespeare"
"Music","Who was the 'King of Pop'?","Michael Jackson"
"Music","Who composed the 'Moonlight Sonata'?","Ludwig van Beethoven"
"Music","Who is the lead vocalist of 'The Rolling Stones'?","Mick Jagger"
"Music","Who wrote the 'Four Seasons'?","Antonio Vivaldi"
"Music","Which instrument is associated with Charlie Parker?","Saxophone"
"Music","Who was the 'Queen of Soul'?","Aretha Franklin"
"Music","Who composed 'The Nutcracker'?","Pyotr Ilyich Tchaikovsky"
"Music","Who is known as the 'Godfather of Soul'?","James Brown"
"Music","What band was John Lennon a part of?","The Beatles"
"Music","Who is the band 'Queen's' lead vocalist?","Freddie Mercury"
"Music","Which classical composer wrote the 'Fur Elise'?","Ludwig van Beethoven"
"Music","Who is the legendary guitarist famously associated with the band 'Led Zeppelin'?","Jimmy Page"
"Music","Who is the singer known as the 'Material Girl'?","Madonna"
"Music","Who wrote 'Swan Lake'?","Pyotr Ilyich Tchaikovsky"
"Music","What rock band was Roger Daltrey a lead vocalist for?","The Who"
"Music","What country is ABBA from?","Sweden"
"Music","Who composed the 'Brandenburg Concertos'?","Johann Sebastian Bach"
"Music","Name the lead vocalist of U2","Bono"
"Music","Who was the main singer of the band 'Nirvana'?","Kurt Cobain"
"Music","Who sang 'I Will Always Love You' in 'The Bodyguard'?","Whitney Houston"
"Music","Who is the singer of 'Hit Me Baby One More Time'?","Britney Spears"
"Music","Who composed the 'Water Music'?","George Frideric Handel"
"Music","Who is the lead vocalist of 'Coldplay'?","Chris Martin"
"Music","What instrument was BB King famous for playing?","Guitar"
"Music","Who is the drummer for 'The Beatles'?","Ringo Starr"
"Music","Who performed 'Love Me Tender'?","Elvis Presley"
"Music","Who composed 'The Magic Flute'?","Wolfgang Amadeus Mozart"
"Music","Who was nicknamed 'Satchmo'?","Louis Armstrong"
"Music","Who performed the album 'Thriller'?","Michael Jackson"
"Music","What instrument is Yo-Yo Ma famous for playing?","Cello"
"Music","Who is the singer of 'Like a Rolling Stone'?","Bob Dylan"
"Music","Who composed the '1812 Overture'?","Pyotr Ilyich Tchaikovsky"
"Music","Who is the guitarist for 'Queen'?","Brian May"
"Music","Who composed 'Carmen'?","Georges Bizet"
"Music","Who is 'The Boss' in the world of rock music?","Bruce Springsteen"
"Music","Who is the lead vocalist for 'The Eagles'?","Don Henley"
"Music","Who sang 'My Way'?","Frank Sinatra"
"Music","Who composed 'Rhapsody in Blue'?","George Gershwin"
"Music","Who is the lead singer of 'Fleetwood Mac'?","Stevie Nicks"
"Music","Who recorded 'I Got You Babe'?","Sonny & Cher"
"Music","Who composed 'The Marriage of Figaro'?","Wolfgang Amadeus Mozart"
"Music","Who is the singer of 'Papa Don't Preach'?","Madonna"
"Music","Name the bass player from 'The Beatles'","Paul McCartney"
"Music","Who performed 'Sweet Child O' Mine'?","Guns N' Roses"
"Music","Who composed 'Symphony No. 9'?","Ludwig van Beethoven"
"Music","Who is the lead singer of 'Radiohead'?","Thom Yorke"
"Music","Who performed 'Superstition'?","Stevie Wonder"
"Music","What is Snoop Dogg's real name?","Calvin Cordozar Broadus Jr."
"Music","Who is the female lead singer of 'No Doubt'?","Gwen Stefani"
"Music","Who performed 'Hotel California'?","The Eagles"
"Music","Who is the lead guitarist of 'Metallica'?","Kirk Hammett"
"Music","Who composed the 'Symphony No. 5'?","Ludwig van Beethoven"
"Music","Who is the lead vocalist of 'Iron Maiden'?","Bruce Dickinson"
"Music","Who composed 'Eine kleine Nachtmusik'?","Wolfgang Amadeus Mozart"
"Music","Who is the female vocalist of 'Paramore'?","Hayley Williams"
"Music","Who composed the opera 'La Traviata'?","Giuseppe Verdi"
"Music","Who is 'The King of Reggae'?","Bob Marley"
"Music","What country is the band 'AC/DC' from?","Australia"
"Music","Who composed 'Boléro'?","Maurice Ravel"
"Music","Whose nickname is 'The Piano Man'?","Billy Joel"
"Music","Who is the lead vocalist of 'Pearl Jam'?","Eddie Vedder"
"Music","Who composed the 'Symphony No. 40'?","Wolfgang Amadeus Mozart"
"Music","Who is the female vocalist of 'Evanescence'?","Amy Lee"
"Music","Who composed the 'New World Symphony'?","Antonín Dvořák"
"Music","Who is the lead vocalist of 'The Doors'?","Jim Morrison"
"Music","Who composed 'Ride of the Valkyries'?","Richard Wagner"
"Music","Who is the lead guitarist of 'Guns N' Roses'?","Slash"
"Music","Who composed the opera 'The Barber of Seville'?","Gioachino Rossini"
"Music","Who is the lead vocalist of 'Aerosmith'?","Steven Tyler"
"Music","Who wrote the 'Peer Gynt Suite'?","Edvard Grieg"
"Music","Who is the drummer of 'The Rolling Stones'?","Charlie Watts"
"Music","Who composed 'The Blue Danube'?","Johann Strauss II"
"Music","Who is the lead vocalist of 'Green Day'?","Billie Joe Armstrong"
"Music","Who composed the 'Messiah'?","George Frideric Handel"
"Music","Who is the bassist of 'Red Hot Chili Peppers'?","Flea"
"Music","Who composed 'Tosca'?","Giacomo Puccini"
"Music","Who is the lead vocalist of 'AC/DC'?","Brian Johnson"
"Music","Who composed 'The Four Seasons'?","Antonio Vivaldi"
"Music","Who is the lead singer of 'Bon Jovi'?","Jon Bon Jovi"
"Music","Who composed 'Cavalleria Rusticana'?","Pietro Mascagni"
"Music","Who is the vocalist of 'Whitney Houston’s' 'I Will Always Love You'?","Dolly Parton"
"Music","What country is 'Rammstein' from?","Germany"
"Music","Who composed 'La bohème'?","Giacomo Puccini"
"Music","Who is the drummer of 'Led Zeppelin'?","John Bonham"
"Music","Who is the lead vocalist of 'Linkin Park'?","Chester Bennington"
"Music","Who composed 'Carmina Burana'?","Carl Orff"
"Music","Who is the lead vocalist of 'Foo Fighters'?","Dave Grohl"
"Music","Who are the primary composers of 'West Side Story'?","Leonard Bernstein and Stephen Sondheim"
"Music","Who is the lead vocalist of 'Pink Floyd'?","David Gilmour"
"Music","Who composed 'Nutcracker Suite'?","Pyotr Ilyich Tchaikovsky"
"Music","Who is the lead singer of 'Black Sabbath'?","Ozzy Osbourne"
"Music","Who composed 'La Mer'?","Claude Debussy"
"Music","Who is the bassist of 'Queen'?","John Deacon"
"Music","Who wrote 'O Holy Night'?","Adolphe Adam"
"Music","Who is the female vocalist of 'Blackpink'?","Jisoo, Jennie, Rosé and Lisa"
"Music","What is Elton John's real name?","Reginald Kenneth Dwight"
"Music","Who is the lead vocalist of 'My Chemical Romance'?","Gerard Way"
"Music","Who wrote 'Ave Maria'?","Franz Schubert"
"Music","Who is the lead guitarist of 'Aerosmith'?","Joe Perry"
"Music","Who wrote 'Unchained Melody'?","Alex North and Hy Zaret"
"Music","Who is the lead vocalist of 'The Police'?","Sting"
"Music","Who composed 'Piano Sonata No. 14'?","Ludwig van Beethoven"
"Music","Who is the drummer for 'Metallica'?","Lars Ulrich"
"Music","Who composed 'Cello Suite No. 1'?","Johann Sebastian Bach"
"Music","Who is the lead singer of 'No Doubt'?","Gwen Stefani"
"Music","Who composed 'Hungarian Rhapsody No.2'?","Franz Liszt"
"Music","Who is the female vocalist for 'Fleetwood Mac'?","Stevie Nicks"
"Music","Who composed 'Tristan und Isolde'?","Richard Wagner"
"Music","Who is the pianist for 'The Doors'?","Ray Manzarek"
"Music","Who composed 'Toccata and Fugue in D minor'?","Johann Sebastian Bach"
"Music","Who is the guitarist for 'Queen'?","Brian May"
"Music","Who composed 'Piano Concerto No.23'?","Wolfgang Amadeus Mozart"
"Music","Who is the lead singer of the band 'U2'?","Bono"
"Music","Who composed 'Carmen'?","Georges Bizet"
"Music","Who is the lead singer of 'Coldplay'?","Chris Martin"
"Music","Who composed 'Flight of the Bumblebee'?","Nikolai Rimsky-Korsakov"
"Music","Who is the drummer for 'The Beatles'?","Ringo Starr"
"Music","Who composed 'The Ring Cycle'?","Richard Wagner"
"Music","Who is the vocalist for 'Iron Maiden'?","Bruce Dickinson"
"Music","Who composed 'Requiem'?","Wolfgang Amadeus Mozart"
"Music","Who is the vocalist for 'Twisted Sister'?","Dee Snider"
"Music","Who composed 'The Barber of Seville'?","Gioachino Rossini"
"Music","Who is the lead vocalist for 'Journey'?","Arnel Pineda"
"Music","Who composed 'The Planets'?","Gustav Holst"
"Music","Who is the guitarist for 'Van Halen'?","Eddie Van Halen"
"Music","Who composed 'The Magic Flute'?","Wolfgang Amadeus Mozart"
"Music","Who is the lead vocalist for 'Def Leppard'?","Joe Elliott"
"Music","Who composed 'Préludes'?","Claude Debussy"
"Music","Who is the bassist for 'The Rolling Stones'?","Bill Wyman"
"Music","Who composed 'Symphony No.2'?","Gustav Mahler"
"Music","Who is the lead vocalist of 'BLINK-182'?","Mark Hoppus"
"Music","Who composed 'Violin Concerto No.1'?","Max Bruch"
"Music","Who is the drummer for 'The Who'?","Keith Moon"
"Music","Who composed 'Madama Butterfly'?","Giacomo Puccini"
"Music","Who is the lead vocalist for 'Queen'?","Freddie Mercury"
"Music","Who composed 'Pictures at an Exhibition'?","Modest Mussorgsky"
"Music","Who is the lead vocalist for 'Soundgarden'?","Chris Cornell"
"Music","Who composed 'Symphony No.6'?","Ludwig van Beethoven"
"Music","Who are the vocalists of 'The Beatles'?","John Lennon, Paul McCartney, George Harrison, and Ringo Starr"
"Music","Who composed 'William Tell Overture'?","Gioachino Rossini"
"Music","Who is the lead vocalist for 'Radiohead'?","Thom Yorke"
"Music","Who composed 'La bohème'?","Giacomo Puccini"
"Music","Who is the bassist for 'Nirvana'?","Krist Novoselic"
"Music","Who composed 'Symphony No. 5'?","Gustav Mahler"
"Music","Who is the lead vocalist for 'Motley Crue'?","Vince Neil"
"Music","Who composed 'Turandot'?","Giacomo Puccini"
"Music","Who is the guitarist for 'The Rolling Stones'?","Keith Richards"
"Music","Who composed 'Cello Concerto in E minor'?","Edward Elgar"
"Music","Who is the lead vocalist for 'Guns N' Roses'?","Axl Rose"
"Sport","Who won the FIFA World Cup in 2018?","France"
"Sport","Who holds the most home runs record in MLB?","Barry Bonds"
"Sport","Who is the fastest man in the world?","Usain Bolt"
"Sport","Who is the NBA all-time leading scorer","Kareem Abdul-Jabbar"
"Sport","Who holds the most goals record in the NHL?","Wayne Gretzky"
"Sport","Who won the most Grand Slam titles in tennis?","Margaret Court"
"Sport","Who won the Super Bowl in 2020?","Kansas City Chiefs"
"Sport","Who holds the record for the most home runs in a single season in MLB?","Barry Bonds"
"Sport","Who was awarded the FIFA women's best player in 2019?","Megan Rapinoe"
"Sport","Who is the highest goal scorer in the history of FIFA World Cup tournaments?","Miroslav Klose"
"Sport","What is the record time for the men's 100m sprint?","9.58 seconds by Usain Bolt"
"Sport","Who won the Tour de France in 2020?","Tadej Pogačar"
"Sport","Who is the all-time leading point scorer in the NFL?","Adam Vinatieri"
"Sport","Who holds the record for the longest professional boxing undefeated streak?","Jimmy Wilde"
"Sport","Who won the Men's singles at the Wimbledon in 2019?","Novak Djokovic"
"Sport","Who has the most victories in NASCAR Cup Series?","Richard Petty"
"Sport","Who won Women's singles at US Open Tennis Championship in 2021?","Emma Raducanu"
"Sport","Who won the Olympic gold medal in the men's 100m sprint in 2021?","Lamont Marcell Jacobs"
"Sport","Who is the highest goal scorer in UEFA Champions league history?","Cristiano Ronaldo"
"Sport","Who won the Rugby Union World Cup in 2019?","South Africa"
"Sport","Who is the most successful club in English Premier League?","Manchester United"
"Sport","Who won the Women’s World Cup in football in 2019?","United States"
"Sport","What formula 1 driver has won the most World Drivers' Championships?","Lewis Hamilton"
"Sport","Who holds the world record in the men's long jump?","Mike Powell"
"Sport","Who is the most successful club in UEFA Champions League?","Real Madrid"
"Sport","What country won the first ever Football World Cup?","Uruguay"
"Sport","Who holds the world record in the women's pole vault?","Yelena Isinbayeva"
"Sport","Who won the gold medal in women's singles badminton event in 2020 Olympics?","Chen Yufei"
"Sport","Who won the Copa America in 2021?","Argentina"
"Sport","Who is the highest wicket taker in Test cricket?","Muttiah Muralitharan"
"Sport","Who won the Golden Boot at the 1998 FIFA World Cup?","Davor Šuker"
"Sport","Who is the oldest winner of a golf major?","Julius Boros"
"Sport","Who holds the world record in the men's 10000m run?","Joshua Cheptegei"
"Sport","Who won the most gold medals in a single Olympic Games?","Michael Phelps"
"Sport","Who won the gold medal in men's singles Table Tennis event in 2020 Olympics?","Ma Long"
"Sport","Who holds the world record in the men's discus throw?","Jürgen Schult"
"Sport","Who is currently the world no. 1 in men’s tennis?","Novak Djokovic"
"Sport","Who holds the world record in the women's 100m hurdles?","Kendra Harrison"
"Sport","Who is the most successful club in Italian Serie A?","Juventus"
"Sport","Who won the gold medal in men's singles Archery event in 2020 Olympics?","Mete Gazoz"
"Sport","Who is currently the world no. 1 in women’s tennis?","Ashleigh Barty"
"Sport","Who held the world heavyweight boxing title the longest?","Joe Louis"
"Sport","Who won the World Series in 2020?","Los Angeles Dodgers"
"Sport","Who holds the world record in the men's high jump?","Javier Sotomayor"
"Sport","Who is the youngest player to score in a World Cup Final?","Pele"
"Sport","What country has the most Olympic gold medals in gymnastics","United States"
"Sport","Who was the first driver to win the Monaco Grand Prix five times?","Ayrton Senna"
"Sport","Who has won the most Super Bowl MVP awards?","Tom Brady"
"Sport","Who holds the record for most goals in a NHL season?","Wayne Gretzky"
"Sport","In motorsport, what does NASCAR stand for?","National Association for Stock Car Auto Racing"
"Sport","Who is the fastest woman in the world?","Florence Griffith-Joyner"
"Sport","Who is the all-time top scorer in the NBA?","Kareem Abdul-Jabbar"
"Sport","In what year was the first modern Olympic Games held?","1896"
"Sport","Who won the ICC Cricket World Cup in 2019?","England"
"Sport","Who holds the record for the most touchdowns in an NFL career?","Jerry Rice"
"Sport","Who won the 2021 Masters Tournament in golf?","Hideki Matsuyama"
"Sport","Who has won the most World Series in baseball?","New York Yankees"
"Sport","Who is the highest run scorer in Test cricket?","Sachin Tendulkar"
"Sport","Who has the most wins in a row in professional basketball?","Los Angeles Lakers"
"Sport","Who is the most decorated Olympian of all time?","Michael Phelps"
"Sport","Who has won the most Formula 1 championships?","Lewis Hamilton"
"Sport","Which country has won the most Women's FIFA World Cup titles?","United States"
"Sport","Who holds the women's 100m world record?","Florence Griffith-Joyner"
"Sport","Who is the fastest swimmer in the world?","César Cielo"
"Sport","Who won the NBA championship in 2021?","Milwaukee Bucks"
"Sport","Who holds the record for the fastest serve in tennis?","Sam Groth"
"Sport","In what year was the first FIFA World Cup held?","1930"
"Sport","Who holds the world record in men's 200m sprint?","Usain Bolt"
"Sport","Which country has the most Rugby Union World Cup wins?","New Zealand"
"Sport","Who is the top scorer in women's international football?","Abby Wambach"
"Sport","Who holds the world record in women's 200m sprint?","Florence Griffith-Joyner"
"Sport","Who is the most successful jockey in the history of the Kentucky Derby?","Eddie Arcaro, Bill Hartack"
"Sport","Who won the Tour de France in 2019?","Egan Bernal"
"Sport","Who has the most victories in Tennis Grand Slam tournaments?","Margaret Court"
"Sport","Who won the inaugural IPL (Indian Premier League) in 2008?","Rajasthan Royals"
"Sport","Who is the all-time leading goalscorer in the Premier League?","Alan Shearer"
"Sport","Who won the UEFA Champions League in 2021?","Chelsea"
"Sport","Who scored the winning goal in the 1966 FIFA World Cup Final?","Geoff Hurst"
"Sport","Who holds the women's record for the most goals scored at a single World Cup tournament?","Marta"
"Sport","Who has won the most NBA MVP awards?","Kareem Abdul-Jabbar"
"Sport","How many players are on a rugby union team?","15"
"Sport","Who won the first ICC World Twenty20 in 2007?","India"
"Sport","Who is the highest run scorer in T20 international cricket?","Virat Kohli"
"Sport","Who holds the world record in the men's 400m hurdles?","Karsten Warholm"
"Sport","Who won the first UEFA European Championship?","Soviet Union"
"Sport","Who holds the world record in the women's 400m sprint?","Marita Koch"
"Sport","Who has won the most European Golden Shoe awards?","Lionel Messi"
"Sport","Who won the first Women's Rugby World Cup?","United States"
"Sport","Who is the winningest coach in NFL history?","Don Shula"
"Sport","Which nation won the first Rugby Union World Cup?","New Zealand"
"Sport","Who won the men's singles at the 2021 US Open in tennis?","Daniil Medvedev"
"Sport","Who holds the world record in the women's 100m breaststroke?","Lilly King"
"Sport","Who is the all-time leading goal scorer in the English Premier League?","Alan Shearer"
"Sport","Who is the record goal scorer in UEFA Champions League history?","Cristiano Ronaldo"
"Sport","Who won the 2019 NCAA Men's Basketball Tournament?","Virginia Cavaliers"
"Sport","Which country has the most Tour de France victories?","France"
"Sport","Who holds the men's 100m breaststroke world record?","Adam Peaty"
"Sport","Who won the Heisman trophy in 2018?","Kyler Murray"
"Sport","Who is the most successful female Skier in history?","Lindsey Vonn"
"Sport","Who won the Golden Boot at the FIFA World Cup 2010?","Thomas Müller"
"Sport","Which driver holds the most titles in NASCAR Cup Series history?","Richard Petty and Dale Earnhardt"
"Sport","Who won the Golden Ball at the FIFA World Cup 2018?","Luka Modrić"
"Sport","What team won the NBA Finals in 2018?","Golden State Warriors"
"Sport","Which team has the most Super Bowl victories?","Pittsburgh Steelers and the New England Patriots"
"Sport","What nation won the Women's World Cup in 2011?","Japan"
"Sport","Who was the MVP of the NFL in the 2018 season?","Patrick Mahomes"
"Sport","Who was the first African American to play Baseball in Major League?","Jackie Robinson"
"Sport","Which NHL team won the Stanley Cup in 2019?","St. Louis Blues"
"Sport","Who is the highest wicket taker in Cricket World Cup history?","Glenn McGrath"
"Sport","Who won the Premier League in 2021?","Manchester City"
"Sport","Who holds the record for the most consecutive NBA championships?","Bill Russell"
"Sport","Which team won the inaugural MLS Cup in 1996?","D.C. United"
"Sport","Who won the women's singles title at the French Open in 2021?","Barbora Krejčíková"
"Sport","Who was the first NBA player to win MVP and Rookie of the Year in the same season?","Wes Unseld and Wilt Chamberlain"
"Sport","Who holds the record for the most runs in a single Test innings in cricket?","Brian Lara"
"Sport","Which country has the most Olympic Gold Medals in Ice Hockey?","Canada"
"Sport","Who won the Golden Boot at the European Championship 2016?","Antoine Griezmann"
"Sport","Who was the first female gymnast to score a perfect 10 in the Olympics?","Nadia Comaneci"
"Sport","Who is the most successful sprinter in Olympic Games history?","Usain Bolt"
"Sport","Which team won the first Women's Super League in England in 2011?","Arsenal"
"Sport","Who won the men's 5000m race at the 2020 Summer Olympics?","Joshua Cheptegei"
"Sport","Who holds the record for the fastest century in cricket?","AB De Villiers"
"Sport","Who holds the fastest knockout record in a UFC title fight?","Conor McGregor"
"Sport","Who won the first ever World Cup in Rugby Union?","New Zealand"
"Sport","Who was the first rider to win the Tour de France five times consecutively?","Miguel Indurain"
"Sport","Who is the all-time leading point scorer in the NHL?","Wayne Gretzky"
"Sport","Who holds the record for the most goals scored in a calendar year in football (soccer)?","Lionel Messi"
"Sport","Who won the ladies singles Wimbledon title in 2021?","Ashleigh Barty"
"Sport","Who holds the record for the most rebounds in an NBA career?","Wilt Chamberlain"
"Sport","Who has won the most Balon d'Or awards in Football?","Lionel Messi"
"Sport","Who is the top goal scorer in the history of Women's World Cup in Football?","Marta"
"Sport","Who won the men's singles at the 2021 Australian Open in tennis?","Novak Djokovic"
"Sport","Which club won the UEFA Europa League in 2021?","Villarreal CF"
"Sport","Who is the all-time record goal scorer in Men's international football?","Ali Daei and Cristiano Ronaldo"
"Sport","Who holds the most victories in Grand Prix motorcycle racing?","Valentino Rossi"
"Sport","Who is the NBA's all-time assists leader?","John Stockton"
"Sport","Who won the Golden Boot in the 2019 Copa America?","Everton"
"Science","What is the chemical symbol for Hydrogen?","H"
"Science","What is the first element on the periodic table?","Hydrogen"
"Science","Who proposed the theory of relativity?","Albert Einstein"
"Science","What planet is known as the Red Planet?","Mars"
"Science","What is the powerhouse of the cell?","Mitochondria"
"Science","What type of blood type is known as the universal donor?","O Negative"
"Science","Who discovered Penicillin?","Alexander Fleming"
"Science","What force holds the planets in orbit around the sun?","Gravity"
"Science","What group of animals are known as a 'pride'?","Lions"
"Science","What is the main gas that makes up the Earth's atmosphere?","Nitrogen"
"Science","Who is called the Father of Modern Physics?","Galileo Galilei"
"Science","What is the process by which plants make food called?","Photosynthesis"
"Science","What is the smallest unit of life that can replicate independently?", "Cell"
"Science","Who proposed the law of universal gravitation?", "Isaac Newton"
"Science","What galaxy is Earth located in?","Milky Way"
"Science","What is the largest organ in the human body?","Skin"
"Science","What is the top layer of the Earth's surface called?","Crust"
"Science","What type of cells in the human body live the longest?","Neurons"
"Science","What is a scientist who studies rocks called?","Geologist"
"Science","What is the largest bone in the human body?","Femur"
"Science","What common substance changes directly from a solid to a gas at -78.5 degrees Celsius?","Dry Ice (Carbon Dioxide)"
"Science","What color light is least scattered in the atmosphere?","Red"
"Science","What species can live on both water and land?", "Amphibians"
"Science","What is the science of growing plants without soil called?","Hydroponics"
"Science","What is the body’s largest endocrine gland?", "Thyroid"
"Science","What element is the main component of natural gas?","Methane"
"Science","What is the scientific term for 'study of birds?'","Ornithology"
"Science","Who developed the laws of motion?","Isaac Newton"
"Science","What is the science of climate study called?","Climatology"
"Science","Who invented the light bulb?","Thomas Edison"
"Science","What is the phase where the moon is not visible from Earth called?","New Moon"
"Science","What is the science of mapmaking called?","Cartography"
"Science","What is the scientific name for the process of water seepage through soil?","Percolation"
"Science","Who invented the periodic table of elements?","Dmitri Mendeleev"
"Science","What instrument is used to measure wind speed?","Anemometer"
"Science","What is the science of the study of insects called?", "Entomology"
"Science","What process involves heating a liquid to create vapor and then cooling that vapor to get a liquid?","Distillation"
"Science","Who invented the telescope?","Hans Lippershey"
"Science","What is the smallest particle of a chemical element that can exist?","Atom"
"Science","What two planets in our solar system have no moons?","Mercury and Venus"
"Science","What is the scientific term for volcanic ash cloud?","Pyroclast"
"Science","Who is known as the father of genetics?","Gregor Mendel"
"Science","What does DNA stand for in biology?", "Deoxyribonucleic Acid"
"Science","What carries oxygen around the body in blood?","Red Blood Cells (Hemoglobin)"
"Science","What planet is closest to the sun?","Mercury"
"Science","What do you call the study of earthquakes?","Seismology"
"Science","What is the second law of thermodynamics?","Entropy of any isolated system always increases"
"Science","What is the rotation of the earth's axis called?","Precession"
"Science","Who proposed the Big Bang Theory?","Georges Lemaître"
"Science","What is the scientific term for the study of sound?","Acoustics"
"Science","Who developed the three laws of planetary motion?","Johannes Kepler"
"Science","Who discovered the electron?","J.J. Thomson"
"Science","Which planet has the most moons in our solar system?","Jupiter"
"Science","What is the atomic number of oxygen?","8"
"Science","Who developed the general theory of relativity?","Albert Einstein"
"Science","What is the smallest bone in the human body?","Stapes"
"Science","What is the hardest naturally occurring substance on Earth?","Diamond"
"Science","What metal has the chemical symbol Au?","Gold"
"Science","What type of molecule is H2O?","Compound"
"Science","Who discovered the law of universal gravitation?","Sir Isaac Newton"
"Science","What is the atomic number of carbon?","6"
"Science","What do we call the study of fossils?","Paleontology"
"Science","What part of the cell is responsible for breaking down waste?","Lysosome"
"Science","Who proposed the three laws of motion?","Sir Isaac Newton"
"Science","What is the most common gas in the Earth's atmosphere?","Nitrogen"
"Science","Which planet in our solar system is the largest?","Jupiter"
"Science","What type of molecule is O2?","Element"
"Science","What is the scientific term for the study of plants?","Botany"
"Science","Who is known for the principle of buoyancy?","Archimedes"
"Science","What is a substance that cannot be broken down into simpler substances?","Element"
"Science","What planet is known for having a ring system?","Saturn"
"Science","What is the center of an atom called?","Nucleus"
"Science","What chemical element has the symbol Na?","Sodium"
"Science","Who is known for the discovery of electricity?","Benjamin Franklin"
"Science","What biological kingdom contains mushrooms and yeast?","Fungi"
"Science","What part of the cell controls cell activities?","Nucleus"
"Science","Who is known for the discovery of radioactivity?","Henri Becquerel"
"Science","What organ removes waste from the blood?","Kidney"
"Science","What metal has the highest melting point?","Tungsten"
"Science","What branch of science deals with the study of the atmosphere?","Meteorology"
"Science","Who invented the concept of vaccination?","Edward Jenner"
"Science","What do we call the scientist who studies the stars and planets?","Astronomer"
"Science","Who invented the periodic table?","Dmitri Mendeleev"
"Science","What organ produces insulin in the body?","Pancreas"
"Science","What do we call the study of insects?","Entomology"
"Science","Who made significant contributions to the theory of evolution?","Charles Darwin"
"Science","What is the most abundant element in the universe?","Hydrogen"
"Science","Who discovered the X-rays?","Wilhelm Conrad Roentgen"
"Science","What do we call the scientist who studies earthquakes?","Seismologist"
"Science","Who is known as the father of modern chemistry?","Antoine Lavoisier"
"Science","What branch of physics deals with light and vision?","Optics"
"Science","Who invented the first practical telephone?","Alexander Graham Bell"
"Science","What do we call the study of the human mind and its functions?","Psychology"
"Science","Who is known for the discovery of cells?","Robert Hooke"
"Science","What do we call the scientist who studies human evolution?","Anthropologist"
"Science","Who invented the electric bulb?","Thomas Alva Edison"
"Science","What do we call the study of weather and climate?","Meteorology"
"Science","Who is known for the law of inertia?","Sir Isaac Newton"
"Science","What does 'pH' stand for?","Potential Hydrogen"
"Science","What is the scientific term for the study of the structure of organisms and their parts?","Anatomy"
"Science","Who invented the concept of field theory?","Michael Faraday"
"Science","What is the largest moon in our solar system?","Ganymede"
"Science","What is the chemical symbol for Iron?","Fe"
"Science","Who proposed the Big Bang Theory?","Georges Lemaître"
"Science","What is the strongest bone in the human body?","Femur"
"Science","What is the brightest star in the night sky?","Sirius"
"Science","What metal has the chemical symbol Ag?","Silver"
"Science","What type of molecule is CO2?","Compound"
"Science","Who discovered the proces of carbon dating?","Willard Libby"
"Science","What is the atomic number of helium?","2"
"Science","What do we call the period of first life on Earth?","Archean Eon"
"Science","What part of the cell contains genetic information?","Nucleus"
"Science","Who formulated the laws of electromagnetic induction?","Michael Faraday"
"Science","What is the second most common gas in the Earth's atmosphere?","Oxygen"
"Science","Which planet in our solar system has the second highest number of moons?","Saturn"
"Science","What type of molecule is N2?","Element"
"Science","What is the scientific term for the study of weather patterns?","Meteorology"
"Science","Who is known for the principle of independent assortment?","Gregor Mendel"
"Science","What is a substance made up of two or more different types of atoms?","Compound"
"Science","What planet is known for its great red spot?","Jupiter"
"Science","What particle is shared in a covalent bond?","Electron"
"Science","What chemical element has the symbol Cl?","Chlorine"
"Science","Who is known for his discoveries in electricity and magnetism?","James Clerk Maxwell"
"Science","What biological kingdom contains bacteria?","Monera"
"Science","What part of the cell assists in protein synthesis?","Ribosome"
"Science","Who is known for the discovery of nuclear fission?","Otto Hahn"
"Science","What organ detects taste in the human body?","Tongue"
"Science","What metal is the best conductor of electricity?","Silver"
"Science","What branch of science deals with the study of celestial objects?","Astronomy"
"Science","Who discovered the smallpox vaccine?","Edward Jenner"
"Science","What do we call the scientist who studies plants?","Botanist"
"Science","Who developed Bohr's atomic model?","Niels Bohr"
"Science","What organ generates bile in the human body?","Liver"
"Science","What do we call the study of algae and seaweed?","Phycology"
"Science","Who was the first woman to win a Nobel Prize?","Marie Curie"
"Science","What is the rarest naturally occurring element on Earth?","Astatine"
"Science","Who discovered the concept of radio waves?","James Clerk Maxwell"
"Science","What do we call the scientist who studies reptiles and amphibians?","Herpetologist"
"Science","Who invented the first working laser?","Theodore Maiman"
"Science","What organ releases enzymes to help with digestion?","Pancreas"
"Science","What element forms the most compounds?","Carbon"
"Science","Who invented the first practical microscope?","Zacharias Janssen"
"Science","What do we call the scientific study of behaviour and mind?","Psychology"
"Science","Who discovered neurons in the human body?","Santiago Ramón y Cajal"
"Science","What do we call the scientist who studies ancient human cultures?","Archaeologist"
"Science","Who discovered the concept of special relativity?","Albert Einstein"
"Science","What do we call the study of stars?","Astronomy"
"Science","Who is known as the father of computer science?","Alan Turing"